rank,content_hash_id,action,reason_code,score,why_selected,what_would_make_it_wrong
1,content_34a70fea29d15f24,REVIEW_CTR,HIGH_VOLUME_LOW_CTR_FOR_POSITION,421.6413998011618,"143,019 impressions; position 3.2; CTR 0.0301% versus 0.3249% position-band benchmark.",The benchmark may not fit this page's query intent; SERP features may affect CTR; or the page may already satisfy users despite its lower CTR.
2,content_7c6373141eae744a,REVIEW_CTR,HIGH_VOLUME_LOW_CTR_FOR_POSITION,347.76931822929436,"132,593 impressions; position 5.9; CTR 0.0626% versus 0.3249% position-band benchmark.",The benchmark may not fit this page's query intent; SERP features may affect CTR; or the page may already satisfy users despite its lower CTR.
3,content_f6116743b00afc2d,REVIEW_CTR,HIGH_VOLUME_LOW_CTR_FOR_POSITION,334.51985649604734,"107,584 impressions; position 9.7; CTR 0.0139% versus 0.3249% position-band benchmark.",The benchmark may not fit this page's query intent; SERP features may affect CTR; or the page may already satisfy users despite its lower CTR.
4,content_acbcc847f8996314,REVIEW_CTR,HIGH_VOLUME_LOW_CTR_FOR_POSITION,292.9225502712007,"170,808 impressions; position 3.4; CTR 0.1534% versus 0.3249% position-band benchmark.",The benchmark may not fit this page's query intent; SERP features may affect CTR; or the page may already satisfy users despite its lower CTR.
5,content_cd3d932d4e1c8db0,REVIEW_CTR,HIGH_VOLUME_LOW_CTR_FOR_POSITION,286.2225964874415,"89,332 impressions; position 7.8; CTR 0.0045% versus 0.3249% position-band benchmark.",The benchmark may not fit this page's query intent; SERP features may affect CTR; or the page may already satisfy users despite its lower CTR.
6,content_b99ea6861864dea5,REVIEW_CTR,HIGH_VOLUME_LOW_CTR_FOR_POSITION,270.36377483522045,"194,337 impressions; position 4.6; CTR 0.1858% versus 0.3249% position-band benchmark.",The benchmark may not fit this page's query intent; SERP features may affect CTR; or the page may already satisfy users despite its lower CTR.
7,content_046fc480045b88f5,REVIEW_CTR,HIGH_VOLUME_LOW_CTR_FOR_POSITION,266.2111999562278,"83,788 impressions; position 7.2; CTR 0.0072% versus 0.3249% position-band benchmark.",The benchmark may not fit this page's query intent; SERP features may affect CTR; or the page may already satisfy users despite its lower CTR.
8,content_f43118e089ecc69a,REVIEW_CTR,HIGH_VOLUME_LOW_CTR_FOR_POSITION,261.93919015011,"139,417 impressions; position 5.3; CTR 0.1370% versus 0.3249% position-band benchmark.",The benchmark may not fit this page's query intent; SERP features may affect CTR; or the page may already satisfy users despite its lower CTR.
9,content_9540d884af3e41fd,REVIEW_CTR,HIGH_VOLUME_LOW_CTR_FOR_POSITION,256.6238817920732,"82,376 impressions; position 8.0; CTR 0.0134% versus 0.3249% position-band benchmark.",The benchmark may not fit this page's query intent; SERP features may affect CTR; or the page may already satisfy users despite its lower CTR.
10,content_425715547c6a3ea8,REVIEW_CTR,HIGH_VOLUME_LOW_CTR_FOR_POSITION,229.33207073172437,"71,513 impressions; position 7.0; CTR 0.0042% versus 0.3249% position-band benchmark.",The benchmark may not fit this page's query intent; SERP features may affect CTR; or the page may already satisfy users despite its lower CTR.
